model,accuracy
KNN,0.7850016092693917
DecisionTree,0.8406823302220792
RandomForest,0.9008690054715159
