feature,chi2,p_value
Gender,5890.63601736696,0.0
family_history_with_overweight,4854.75873219466,0.0
CAEC,5117.506069263068,0.0
MTRANS,1679.2746751764898,0.0
CALC,2980.3848301253047,0.0
FAVC,1174.0393050382218,1.9877377458381627e-250
SCC,739.1364697554498,2.164035846895242e-156
SMOKE,162.6675532081986,1.612054675804765e-32
